ray parker jr-Ghostbusters-1	ray parker jr	Ghostbusters
John Williams-Jurassic Park-1	John Williams	Jurassic Park
jane-sporran song-1	jane	sporran song
jane-f i f t y s o n g-1	jane	f i f t y s o n g
jane-pasta snow sunshine song-1	jane	pasta snow sunshine song
sequence_Untitled_Sequence	brian	Untitled_Sequence	2021-04-08 09:50:31am
anon-Untitled_Sequence-1	anon	Untitled_Sequence	2021-04-09 01:39:02pm
sequence_reply_to_jane	joel	reply_to_jane	2021-04-16 06:07:11pm
sequence_reply_to_joel	john	reply_to_joel	2021-04-16 06:10:59pm
sequence_reply_to_ray_parker_jr	beep_lover	reply_to_ray_parker_jr	2021-04-16 06:13:02pm
sequence_gduvbfhvihbdksjhcbkhbfv	beep_lover	gduvbfhvihbdksjhcbkhbfv	2021-04-16 06:15:20pm
sequence_reply_to_beep_lover	beep_lover	reply_to_beep_lover	2021-04-16 09:23:29pm
beep_lover-reply_to_beep_lover-1	beep_lover	reply_to_beep_lover	2021-04-16 09:28:24pm
beep_lover-reply_to_beep_lover-2	beep_lover	reply_to_beep_lover	2021-04-16 09:28:53pm
sequence_New_Sequence	D	New_Sequence	2021-04-16 09:29:09pm
D-New_Sequence-1	D	New_Sequence	2021-04-16 09:31:26pm
anon-New_Sequence-1	anon	New_Sequence	2021-04-16 09:31:44pm
anon-New_Sequence-2	anon	New_Sequence	2021-04-16 10:03:00pm
anon-New_Sequence-3	anon	New_Sequence	2021-04-16 10:03:57pm
anon-New_Sequence-4	anon	New_Sequence	2021-04-16 10:04:36pm
anon-New_Sequence-5	anon	New_Sequence	2021-04-16 10:07:12pm
sequence_reply_to_anon	anon	reply_to_anon	2021-04-16 10:09:31pm
anon-New_Sequence-6	anon	New_Sequence	2021-04-16 10:19:41pm
anon-New_Sequence-7	anon	New_Sequence	2021-04-17 06:38:45pm
